zcscnvdb1.hr-fin-server.shared.utsystem.edu,zcscnvdb1.hr-fin-server.shared.utsystem.edu
zfidevdb1.hr-fin-server.shared.utsystem.edu,zfidevdb1.hr-fin-server.shared.utsystem.edu
zfiprddb1.hr-fin-server.shared.utsystem.edu,zfiprddb1.hr-fin-server.shared.utsystem.edu
dfirptdb1.hr-fin-server.shared.utsystem.edu,dfirptdb1.hr-fin-server.shared.utsystem.edu
zdmodb1.hr-fin-server.shared.utsystem.edu,zdmodb1.hr-fin-server.shared.utsystem.edu
zfiprddgdb1.hr-fin-server.shared.utsystem.edu,zfiprddgdb1.hr-fin-server.shared.utsystem.edu
depmdevdb1.hr-fin-server.shared.utsystem.edu,depmdevdb1.hr-fin-server.shared.utsystem.edu
detldevdb1.hr-fin-server.shared.utsystem.edu,detldevdb1.hr-fin-server.shared.utsystem.edu
depmtstdb1.hr-fin-server.shared.utsystem.edu,depmtstdb1.hr-fin-server.shared.utsystem.edu
zapidpdb1.hr-fin-server.shared.utsystem.edu,zapidpdb1.hr-fin-server.shared.utsystem.edu
zepmdmodb1.hr-fin-server.shared.utsystem.edu,zepmdmodb1.hr-fin-server.shared.utsystem.edu
tetlprddb1.hr-fin-server.shared.utsystem.edu,tetlprddb1.hr-fin-server.shared.utsystem.edu
zepmprddb1.hr-fin-server.shared.utsystem.edu,zepmprddb1.hr-fin-server.shared.utsystem.edu
zctlmprddb1.hr-fin-server.shared.utsystem.edu,zctlmprddb1.hr-fin-server.shared.utsystem.edu
zdbadb1.hr-fin-server.shared.utsystem.edu,zdbadb1.hr-fin-server.shared.utsystem.edu
detltstdb1.hr-fin-server.shared.utsystem.edu,detltstdb1.hr-fin-server.shared.utsystem.edu
tepmtstdb1.hr-fin-server.shared.utsystem.edu,tepmtstdb1.hr-fin-server.shared.utsystem.edu
zepmtstdb1.hr-fin-server.shared.utsystem.edu,zepmtstdb1.hr-fin-server.shared.utsystem.edu
zhyptstdb1.hr-fin-server.shared.utsystem.edu,zhyptstdb1.hr-fin-server.shared.utsystem.edu
zepmsysdb1.hr-fin-server.shared.utsystem.edu,zepmsysdb1.hr-fin-server.shared.utsystem.edu
zetlprddb1.hr-fin-server.shared.utsystem.edu,zetlprddb1.hr-fin-server.shared.utsystem.edu
detlprddb1.hr-fin-server.shared.utsystem.edu,detlprddb1.hr-fin-server.shared.utsystem.edu
zapprddb1.hr-fin-server.shared.utsystem.edu,zapprddb1.hr-fin-server.shared.utsystem.edu
zhrprddb1.hr-fin-server.shared.utsystem.edu,zhrprddb1.hr-fin-server.shared.utsystem.edu
zhrprddgdb1.hr-fin-server.shared.utsystem.edu,zhrprddgdb1.hr-fin-server.shared.utsystem.edu
tepmprddb1.hr-fin-server.shared.utsystem.edu,tepmprddb1.hr-fin-server.shared.utsystem.edu
zapdevdb1.hr-fin-server.shared.utsystem.edu,zapdevdb1.hr-fin-server.shared.utsystem.edu
zhrdevdb1.hr-fin-server.shared.utsystem.edu,zhrdevdb1.hr-fin-server.shared.utsystem.edu
zhrtrndb1.hr-fin-server.shared.utsystem.edu,zhrtrndb1.hr-fin-server.shared.utsystem.edu
zfiidpdb1.hr-fin-server.shared.utsystem.edu,zfiidpdb1.hr-fin-server.shared.utsystem.edu
zperfmondb1.hr-fin-server.shared.utsystem.edu,zperfmondb1.hr-fin-server.shared.utsystem.edu
zficnvdb1.hr-fin-server.shared.utsystem.edu,zficnvdb1.hr-fin-server.shared.utsystem.edu
tepmdmodb1.hr-fin-server.shared.utsystem.edu,tepmdmodb1.hr-fin-server.shared.utsystem.edu
xyytmpdb1.hr-fin-server.shared.utsystem.edu,xyytmpdb1.hr-fin-server.shared.utsystem.edu
tepmdevdb1.hr-fin-server.shared.utsystem.edu,tepmdevdb1.hr-fin-server.shared.utsystem.edu
dhrdevdb1.hr-fin-server.shared.utsystem.edu,dhrdevdb1.hr-fin-server.shared.utsystem.edu
dhrdmodb1.hr-fin-server.shared.utsystem.edu,dhrdmodb1.hr-fin-server.shared.utsystem.edu
dfidmodb1.hr-fin-server.shared.utsystem.edu,dfidmodb1.hr-fin-server.shared.utsystem.edu
zupkprddb1.hr-fin-server.shared.utsystem.edu,zupkprddb1.hr-fin-server.shared.utsystem.edu
dfidevdb1.hr-fin-server.shared.utsystem.edu,dfidevdb1.hr-fin-server.shared.utsystem.edu
dfitstdb1.hr-fin-server.shared.utsystem.edu,dfitstdb1.hr-fin-server.shared.utsystem.edu
dhrtstdb1.hr-fin-server.shared.utsystem.edu,dhrtstdb1.hr-fin-server.shared.utsystem.edu
dhrcnvdb1.hr-fin-server.shared.utsystem.edu,dhrcnvdb1.hr-fin-server.shared.utsystem.edu
dficnvdb1.hr-fin-server.shared.utsystem.edu,dficnvdb1.hr-fin-server.shared.utsystem.edu
dhrqadb1.hr-fin-server.shared.utsystem.edu,dhrqadb1.hr-fin-server.shared.utsystem.edu
dfiqadb1.hr-fin-server.shared.utsystem.edu,dfiqadb1.hr-fin-server.shared.utsystem.edu
dhrprddb1.hr-fin-server.shared.utsystem.edu,dhrprddb1.hr-fin-server.shared.utsystem.edu
dfiprddb1.hr-fin-server.shared.utsystem.edu,dfiprddb1.hr-fin-server.shared.utsystem.edu
dhrrptdb1.hr-fin-server.shared.utsystem.edu,dhrrptdb1.hr-fin-server.shared.utsystem.edu
dhrtrndb1.hr-fin-server.shared.utsystem.edu,dhrtrndb1.hr-fin-server.shared.utsystem.edu
dfitrndb1.hr-fin-server.shared.utsystem.edu,dfitrndb1.hr-fin-server.shared.utsystem.edu
